station_id,connector_id,available,charging,faulted,unavailable,total_h,pct_available,pct_charging,pct_faulted,pct_unavailable
STAT-01,1,99.15999999972223,20.840000000277776,0.0,0.0,120.0,82.63333333310187,17.366666666898148,0.0,0.0
STAT-01,2,90.30767930611111,29.692320693888888,0.0,0.0,120.0,75.25639942175926,24.743600578240738,0.0,0.0
STAT-02,1,90.5992348325,29.4007651675,0.0,0.0,120.0,75.49936236041667,24.500637639583335,0.0,0.0
STAT-02,2,47.45454545444444,8.545454545555556,64.0,0.0,120.0,39.54545454537037,7.121212121296296,53.333333333333336,0.0
STAT-03,1,98.48363636388888,17.516363636111112,0.0,4.0,119.99999999999999,82.0696969699074,14.596969696759261,0.0,3.333333333333334
STAT-03,2,94.66567611055555,25.334323889444445,0.0,0.0,120.0,78.88806342546296,21.111936574537037,0.0,0.0
